id,username,email
1001,User1001,user1001@example.com
1002,User1002,user1002@example.com
1003,User1003,user1003@example.com
1004,User1004,user1004@example.com
1005,User1005,user1005@example.com
1006,User1006,user1006@example.com
1007,User1007,user1007@example.com
1008,User1008,user1008@example.com
1009,User1009,user1009@example.com
1010,User1010,user1010@example.com
1011,User1011,user1011@example.com
1012,User1012,user1012@example.com
1013,User1013,user1013@example.com
1014,User1014,user1014@example.com
1015,User1015,user1015@example.com
1016,User1016,user1016@example.com
1017,User1017,user1017@example.com
1018,User1018,user1018@example.com
1019,User1019,user1019@example.com
1020,User1020,user1020@example.com
1021,User1021,user1021@example.com
1022,User1022,user1022@example.com
1023,User1023,user1023@example.com
1024,User1024,user1024@example.com
1025,User1025,user1025@example.com
1026,User1026,user1026@example.com
1027,User1027,user1027@example.com
1028,User1028,user1028@example.com
1029,User1029,user1029@example.com
1030,User1030,user1030@example.com
1031,User1031,user1031@example.com
1032,User1032,user1032@example.com
1033,User1033,user1033@example.com
1034,User1034,user1034@example.com
1035,User1035,user1035@example.com
1036,User1036,user1036@example.com
1037,User1037,user1037@example.com
1038,User1038,user1038@example.com
1039,User1039,user1039@example.com
1040,User1040,user1040@example.com
1041,User1041,user1041@example.com
1042,User1042,user1042@example.com
1043,User1043,user1043@example.com
1044,User1044,user1044@example.com
1045,User1045,user1045@example.com
1046,User1046,user1046@example.com
1047,User1047,user1047@example.com
1048,User1048,user1048@example.com
1049,User1049,user1049@example.com
1050,User1050,user1050@example.com
1051,User1051,user1051@example.com
1052,User1052,user1052@example.com
1053,User1053,user1053@example.com
1054,User1054,user1054@example.com
1055,User1055,user1055@example.com
1056,User1056,user1056@example.com
1057,User1057,user1057@example.com
1058,User1058,user1058@example.com
1059,User1059,user1059@example.com
1060,User1060,user1060@example.com
1061,User1061,user1061@example.com
1062,User1062,user1062@example.com
1063,User1063,user1063@example.com
1064,User1064,user1064@example.com
1065,User1065,user1065@example.com
1066,User1066,user1066@example.com
1067,User1067,user1067@example.com
1068,User1068,user1068@example.com
1069,User1069,user1069@example.com
1070,User1070,user1070@example.com
1071,User1071,user1071@example.com
1072,User1072,user1072@example.com
1073,User1073,user1073@example.com
1074,User1074,user1074@example.com
1075,User1075,user1075@example.com
1076,User1076,user1076@example.com
1077,User1077,user1077@example.com
1078,User1078,user1078@example.com
1079,User1079,user1079@example.com
1080,User1080,user1080@example.com
1081,User1081,user1081@example.com
1082,User1082,user1082@example.com
1083,User1083,user1083@example.com
1084,User1084,user1084@example.com
1085,User1085,user1085@example.com
1086,User1086,user1086@example.com
1087,User1087,user1087@example.com
1088,User1088,user1088@example.com
1089,User1089,user1089@example.com
1090,User1090,user1090@example.com
1091,User1091,user1091@example.com
1092,User1092,user1092@example.com
1093,User1093,user1093@example.com
1094,User1094,user1094@example.com
1095,User1095,user1095@example.com
1096,User1096,user1096@example.com
1097,User1097,user1097@example.com
1098,User1098,user1098@example.com
1099,User1099,user1099@example.com
1100,User1100,user1100@example.com
1101,User1101,user1101@example.com
1102,User1102,user1102@example.com
1103,User1103,user1103@example.com
1104,User1104,user1104@example.com
1105,User1105,user1105@example.com
1106,User1106,user1106@example.com
1107,User1107,user1107@example.com
1108,User1108,user1108@example.com
1109,User1109,user1109@example.com
1110,User1110,user1110@example.com
1111,User1111,user1111@example.com
1112,User1112,user1112@example.com
1113,User1113,user1113@example.com
1114,User1114,user1114@example.com
1115,User1115,user1115@example.com
1116,User1116,user1116@example.com
1117,User1117,user1117@example.com
1118,User1118,user1118@example.com
1119,User1119,user1119@example.com
1120,User1120,user1120@example.com
1121,User1121,user1121@example.com
1122,User1122,user1122@example.com
1123,User1123,user1123@example.com
1124,User1124,user1124@example.com
1125,User1125,user1125@example.com
1126,User1126,user1126@example.com
1127,User1127,user1127@example.com
1128,User1128,user1128@example.com
1129,User1129,user1129@example.com
1130,User1130,user1130@example.com
1131,User1131,user1131@example.com
1132,User1132,user1132@example.com
1133,User1133,user1133@example.com
1134,User1134,user1134@example.com
1135,User1135,user1135@example.com
1136,User1136,user1136@example.com
1137,User1137,user1137@example.com
1138,User1138,user1138@example.com
1139,User1139,user1139@example.com
1140,User1140,user1140@example.com
1141,User1141,user1141@example.com
1142,User1142,user1142@example.com
1143,User1143,user1143@example.com
1144,User1144,user1144@example.com
1145,User1145,user1145@example.com
1146,User1146,user1146@example.com
1147,User1147,user1147@example.com
1148,User1148,user1148@example.com
1149,User1149,user1149@example.com
1150,User1150,user1150@example.com
1151,User1151,user1151@example.com
1152,User1152,user1152@example.com
1153,User1153,user1153@example.com
1154,User1154,user1154@example.com
1155,User1155,user1155@example.com
1156,User1156,user1156@example.com
1157,User1157,user1157@example.com
1158,User1158,user1158@example.com
1159,User1159,user1159@example.com
1160,User1160,user1160@example.com
1161,User1161,user1161@example.com
1162,User1162,user1162@example.com
1163,User1163,user1163@example.com
1164,User1164,user1164@example.com
1165,User1165,user1165@example.com
1166,User1166,user1166@example.com
1167,User1167,user1167@example.com
1168,User1168,user1168@example.com
1169,User1169,user1169@example.com
1170,User1170,user1170@example.com
1171,User1171,user1171@example.com
1172,User1172,user1172@example.com
1173,User1173,user1173@example.com
1174,User1174,user1174@example.com
1175,User1175,user1175@example.com
1176,User1176,user1176@example.com
1177,User1177,user1177@example.com
1178,User1178,user1178@example.com
1179,User1179,user1179@example.com
1180,User1180,user1180@example.com
1181,User1181,user1181@example.com
1182,User1182,user1182@example.com
1183,User1183,user1183@example.com
1184,User1184,user1184@example.com
1185,User1185,user1185@example.com
1186,User1186,user1186@example.com
1187,User1187,user1187@example.com
1188,User1188,user1188@example.com
1189,User1189,user1189@example.com
1190,User1190,user1190@example.com
1191,User1191,user1191@example.com
1192,User1192,user1192@example.com
1193,User1193,user1193@example.com
1194,User1194,user1194@example.com
1195,User1195,user1195@example.com
1196,User1196,user1196@example.com
1197,User1197,user1197@example.com
1198,User1198,user1198@example.com
1199,User1199,user1199@example.com
1200,User1200,user1200@example.com
1201,User1201,user1201@example.com
1202,User1202,user1202@example.com
1203,User1203,user1203@example.com
1204,User1204,user1204@example.com
1205,User1205,user1205@example.com
1206,User1206,user1206@example.com
1207,User1207,user1207@example.com
1208,User1208,user1208@example.com
1209,User1209,user1209@example.com
1210,User1210,user1210@example.com
1211,User1211,user1211@example.com
1212,User1212,user1212@example.com
1213,User1213,user1213@example.com
1214,User1214,user1214@example.com
1215,User1215,user1215@example.com
1216,User1216,user1216@example.com
1217,User1217,user1217@example.com
1218,User1218,user1218@example.com
1219,User1219,user1219@example.com
1220,User1220,user1220@example.com
1221,User1221,user1221@example.com
1222,User1222,user1222@example.com
1223,User1223,user1223@example.com
1224,User1224,user1224@example.com
1225,User1225,user1225@example.com
1226,User1226,user1226@example.com
1227,User1227,user1227@example.com
1228,User1228,user1228@example.com
1229,User1229,user1229@example.com
1230,User1230,user1230@example.com
1231,User1231,user1231@example.com
1232,User1232,user1232@example.com
1233,User1233,user1233@example.com
1234,User1234,user1234@example.com
1235,User1235,user1235@example.com
1236,User1236,user1236@example.com
1237,User1237,user1237@example.com
1238,User1238,user1238@example.com
1239,User1239,user1239@example.com
1240,User1240,user1240@example.com
1241,User1241,user1241@example.com
1242,User1242,user1242@example.com
1243,User1243,user1243@example.com
1244,User1244,user1244@example.com
1245,User1245,user1245@example.com
1246,User1246,user1246@example.com
1247,User1247,user1247@example.com
1248,User1248,user1248@example.com
1249,User1249,user1249@example.com
1250,User1250,user1250@example.com
1251,User1251,user1251@example.com
1252,User1252,user1252@example.com
1253,User1253,user1253@example.com
1254,User1254,user1254@example.com
1255,User1255,user1255@example.com
1256,User1256,user1256@example.com
1257,User1257,user1257@example.com
1258,User1258,user1258@example.com
1259,User1259,user1259@example.com
1260,User1260,user1260@example.com
1261,User1261,user1261@example.com
1262,User1262,user1262@example.com
1263,User1263,user1263@example.com
1264,User1264,user1264@example.com
1265,User1265,user1265@example.com
1266,User1266,user1266@example.com
1267,User1267,user1267@example.com
1268,User1268,user1268@example.com
1269,User1269,user1269@example.com
1270,User1270,user1270@example.com
1271,User1271,user1271@example.com
1272,User1272,user1272@example.com
1273,User1273,user1273@example.com
1274,User1274,user1274@example.com
1275,User1275,user1275@example.com
1276,User1276,user1276@example.com
1277,User1277,user1277@example.com
1278,User1278,user1278@example.com
1279,User1279,user1279@example.com
1280,User1280,user1280@example.com
1281,User1281,user1281@example.com
1282,User1282,user1282@example.com
1283,User1283,user1283@example.com
1284,User1284,user1284@example.com
1285,User1285,user1285@example.com
1286,User1286,user1286@example.com
1287,User1287,user1287@example.com
1288,User1288,user1288@example.com
1289,User1289,user1289@example.com
1290,User1290,user1290@example.com
1291,User1291,user1291@example.com
1292,User1292,user1292@example.com
1293,User1293,user1293@example.com
1294,User1294,user1294@example.com
1295,User1295,user1295@example.com
1296,User1296,user1296@example.com
1297,User1297,user1297@example.com
1298,User1298,user1298@example.com
1299,User1299,user1299@example.com
1300,User1300,user1300@example.com
1301,User1301,user1301@example.com
1302,User1302,user1302@example.com
1303,User1303,user1303@example.com
1304,User1304,user1304@example.com
1305,User1305,user1305@example.com
1306,User1306,user1306@example.com
1307,User1307,user1307@example.com
1308,User1308,user1308@example.com
1309,User1309,user1309@example.com
1310,User1310,user1310@example.com
1311,User1311,user1311@example.com
1312,User1312,user1312@example.com
1313,User1313,user1313@example.com
1314,User1314,user1314@example.com
1315,User1315,user1315@example.com
1316,User1316,user1316@example.com
1317,User1317,user1317@example.com
1318,User1318,user1318@example.com
1319,User1319,user1319@example.com
1320,User1320,user1320@example.com
1321,User1321,user1321@example.com
1322,User1322,user1322@example.com
1323,User1323,user1323@example.com
1324,User1324,user1324@example.com
1325,User1325,user1325@example.com
1326,User1326,user1326@example.com
1327,User1327,user1327@example.com
1328,User1328,user1328@example.com
1329,User1329,user1329@example.com
1330,User1330,user1330@example.com
1331,User1331,user1331@example.com
1332,User1332,user1332@example.com
1333,User1333,user1333@example.com
1334,User1334,user1334@example.com
1335,User1335,user1335@example.com
1336,User1336,user1336@example.com
1337,User1337,user1337@example.com
1338,User1338,user1338@example.com
1339,User1339,user1339@example.com
1340,User1340,user1340@example.com
1341,User1341,user1341@example.com
1342,User1342,user1342@example.com
1343,User1343,user1343@example.com
1344,User1344,user1344@example.com
1345,User1345,user1345@example.com
1346,User1346,user1346@example.com
1347,User1347,user1347@example.com
1348,User1348,user1348@example.com
1349,User1349,user1349@example.com
1350,User1350,user1350@example.com
1351,User1351,user1351@example.com
1352,User1352,user1352@example.com
1353,User1353,user1353@example.com
1354,User1354,user1354@example.com
1355,User1355,user1355@example.com
1356,User1356,user1356@example.com
1357,User1357,user1357@example.com
1358,User1358,user1358@example.com
1359,User1359,user1359@example.com
1360,User1360,user1360@example.com
1361,User1361,user1361@example.com
1362,User1362,user1362@example.com
1363,User1363,user1363@example.com
1364,User1364,user1364@example.com
1365,User1365,user1365@example.com
1366,User1366,user1366@example.com
1367,User1367,user1367@example.com
1368,User1368,user1368@example.com
1369,User1369,user1369@example.com
1370,User1370,user1370@example.com
1371,User1371,user1371@example.com
1372,User1372,user1372@example.com
1373,User1373,user1373@example.com
1374,User1374,user1374@example.com
1375,User1375,user1375@example.com
1376,User1376,user1376@example.com
1377,User1377,user1377@example.com
1378,User1378,user1378@example.com
1379,User1379,user1379@example.com
1380,User1380,user1380@example.com
1381,User1381,user1381@example.com
1382,User1382,user1382@example.com
1383,User1383,user1383@example.com
1384,User1384,user1384@example.com
1385,User1385,user1385@example.com
1386,User1386,user1386@example.com
1387,User1387,user1387@example.com
1388,User1388,user1388@example.com
1389,User1389,user1389@example.com
1390,User1390,user1390@example.com
1391,User1391,user1391@example.com
1392,User1392,user1392@example.com
1393,User1393,user1393@example.com
1394,User1394,user1394@example.com
1395,User1395,user1395@example.com
1396,User1396,user1396@example.com
1397,User1397,user1397@example.com
1398,User1398,user1398@example.com
1399,User1399,user1399@example.com
1400,User1400,user1400@example.com
1401,User1401,user1401@example.com
1402,User1402,user1402@example.com
1403,User1403,user1403@example.com
1404,User1404,user1404@example.com
1405,User1405,user1405@example.com
1406,User1406,user1406@example.com
1407,User1407,user1407@example.com
1408,User1408,user1408@example.com
1409,User1409,user1409@example.com
1410,User1410,user1410@example.com
1411,User1411,user1411@example.com
1412,User1412,user1412@example.com
1413,User1413,user1413@example.com
1414,User1414,user1414@example.com
1415,User1415,user1415@example.com
1416,User1416,user1416@example.com
1417,User1417,user1417@example.com
1418,User1418,user1418@example.com
1419,User1419,user1419@example.com
1420,User1420,user1420@example.com
1421,User1421,user1421@example.com
1422,User1422,user1422@example.com
1423,User1423,user1423@example.com
1424,User1424,user1424@example.com
1425,User1425,user1425@example.com
1426,User1426,user1426@example.com
1427,User1427,user1427@example.com
1428,User1428,user1428@example.com
1429,User1429,user1429@example.com
1430,User1430,user1430@example.com
1431,User1431,user1431@example.com
1432,User1432,user1432@example.com
1433,User1433,user1433@example.com
1434,User1434,user1434@example.com
1435,User1435,user1435@example.com
1436,User1436,user1436@example.com
1437,User1437,user1437@example.com
1438,User1438,user1438@example.com
1439,User1439,user1439@example.com
1440,User1440,user1440@example.com
1441,User1441,user1441@example.com
1442,User1442,user1442@example.com
1443,User1443,user1443@example.com
1444,User1444,user1444@example.com
1445,User1445,user1445@example.com
1446,User1446,user1446@example.com
1447,User1447,user1447@example.com
1448,User1448,user1448@example.com
1449,User1449,user1449@example.com
1450,User1450,user1450@example.com
1451,User1451,user1451@example.com
1452,User1452,user1452@example.com
1453,User1453,user1453@example.com
1454,User1454,user1454@example.com
1455,User1455,user1455@example.com
1456,User1456,user1456@example.com
1457,User1457,user1457@example.com
1458,User1458,user1458@example.com
1459,User1459,user1459@example.com
1460,User1460,user1460@example.com
1461,User1461,user1461@example.com
1462,User1462,user1462@example.com
1463,User1463,user1463@example.com
1464,User1464,user1464@example.com
1465,User1465,user1465@example.com
1466,User1466,user1466@example.com
1467,User1467,user1467@example.com
1468,User1468,user1468@example.com
1469,User1469,user1469@example.com
1470,User1470,user1470@example.com
1471,User1471,user1471@example.com
1472,User1472,user1472@example.com
1473,User1473,user1473@example.com
1474,User1474,user1474@example.com
1475,User1475,user1475@example.com
1476,User1476,user1476@example.com
1477,User1477,user1477@example.com
1478,User1478,user1478@example.com
1479,User1479,user1479@example.com
1480,User1480,user1480@example.com
1481,User1481,user1481@example.com
1482,User1482,user1482@example.com
1483,User1483,user1483@example.com
1484,User1484,user1484@example.com
1485,User1485,user1485@example.com
1486,User1486,user1486@example.com
1487,User1487,user1487@example.com
1488,User1488,user1488@example.com
1489,User1489,user1489@example.com
1490,User1490,user1490@example.com
1491,User1491,user1491@example.com
1492,User1492,user1492@example.com
1493,User1493,user1493@example.com
1494,User1494,user1494@example.com
1495,User1495,user1495@example.com
1496,User1496,user1496@example.com
1497,User1497,user1497@example.com
1498,User1498,user1498@example.com
1499,User1499,user1499@example.com
1500,User1500,user1500@example.com
1501,User1501,user1501@example.com
1502,User1502,user1502@example.com
1503,User1503,user1503@example.com
1504,User1504,user1504@example.com
1505,User1505,user1505@example.com
1506,User1506,user1506@example.com
1507,User1507,user1507@example.com
1508,User1508,user1508@example.com
1509,User1509,user1509@example.com
1510,User1510,user1510@example.com
1511,User1511,user1511@example.com
1512,User1512,user1512@example.com
1513,User1513,user1513@example.com
1514,User1514,user1514@example.com
1515,User1515,user1515@example.com
1516,User1516,user1516@example.com
1517,User1517,user1517@example.com
1518,User1518,user1518@example.com
1519,User1519,user1519@example.com
1520,User1520,user1520@example.com
1521,User1521,user1521@example.com
1522,User1522,user1522@example.com
1523,User1523,user1523@example.com
1524,User1524,user1524@example.com
1525,User1525,user1525@example.com
1526,User1526,user1526@example.com
1527,User1527,user1527@example.com
1528,User1528,user1528@example.com
1529,User1529,user1529@example.com
1530,User1530,user1530@example.com
1531,User1531,user1531@example.com
1532,User1532,user1532@example.com
1533,User1533,user1533@example.com
1534,User1534,user1534@example.com
1535,User1535,user1535@example.com
1536,User1536,user1536@example.com
1537,User1537,user1537@example.com
1538,User1538,user1538@example.com
1539,User1539,user1539@example.com
1540,User1540,user1540@example.com
1541,User1541,user1541@example.com
1542,User1542,user1542@example.com
1543,User1543,user1543@example.com
1544,User1544,user1544@example.com
1545,User1545,user1545@example.com
1546,User1546,user1546@example.com
1547,User1547,user1547@example.com
1548,User1548,user1548@example.com
1549,User1549,user1549@example.com
1550,User1550,user1550@example.com
1551,User1551,user1551@example.com
1552,User1552,user1552@example.com
1553,User1553,user1553@example.com
1554,User1554,user1554@example.com
1555,User1555,user1555@example.com
1556,User1556,user1556@example.com
1557,User1557,user1557@example.com
1558,User1558,user1558@example.com
1559,User1559,user1559@example.com
1560,User1560,user1560@example.com
1561,User1561,user1561@example.com
1562,User1562,user1562@example.com
1563,User1563,user1563@example.com
1564,User1564,user1564@example.com
1565,User1565,user1565@example.com
1566,User1566,user1566@example.com
1567,User1567,user1567@example.com
1568,User1568,user1568@example.com
1569,User1569,user1569@example.com
1570,User1570,user1570@example.com
1571,User1571,user1571@example.com
1572,User1572,user1572@example.com
1573,User1573,user1573@example.com
1574,User1574,user1574@example.com
1575,User1575,user1575@example.com
1576,User1576,user1576@example.com
1577,User1577,user1577@example.com
1578,User1578,user1578@example.com
1579,User1579,user1579@example.com
1580,User1580,user1580@example.com
1581,User1581,user1581@example.com
1582,User1582,user1582@example.com
1583,User1583,user1583@example.com
1584,User1584,user1584@example.com
1585,User1585,user1585@example.com
1586,User1586,user1586@example.com
1587,User1587,user1587@example.com
1588,User1588,user1588@example.com
1589,User1589,user1589@example.com
1590,User1590,user1590@example.com
1591,User1591,user1591@example.com
1592,User1592,user1592@example.com
1593,User1593,user1593@example.com
1594,User1594,user1594@example.com
1595,User1595,user1595@example.com
1596,User1596,user1596@example.com
1597,User1597,user1597@example.com
1598,User1598,user1598@example.com
1599,User1599,user1599@example.com
1600,User1600,user1600@example.com
1601,User1601,user1601@example.com
1602,User1602,user1602@example.com
1603,User1603,user1603@example.com
1604,User1604,user1604@example.com
1605,User1605,user1605@example.com
1606,User1606,user1606@example.com
1607,User1607,user1607@example.com
1608,User1608,user1608@example.com
1609,User1609,user1609@example.com
1610,User1610,user1610@example.com
1611,User1611,user1611@example.com
1612,User1612,user1612@example.com
1613,User1613,user1613@example.com
1614,User1614,user1614@example.com
1615,User1615,user1615@example.com
1616,User1616,user1616@example.com
1617,User1617,user1617@example.com
1618,User1618,user1618@example.com
1619,User1619,user1619@example.com
1620,User1620,user1620@example.com
1621,User1621,user1621@example.com
1622,User1622,user1622@example.com
1623,User1623,user1623@example.com
1624,User1624,user1624@example.com
1625,User1625,user1625@example.com
1626,User1626,user1626@example.com
1627,User1627,user1627@example.com
1628,User1628,user1628@example.com
1629,User1629,user1629@example.com
1630,User1630,user1630@example.com
1631,User1631,user1631@example.com
1632,User1632,user1632@example.com
1633,User1633,user1633@example.com
1634,User1634,user1634@example.com
1635,User1635,user1635@example.com
1636,User1636,user1636@example.com
1637,User1637,user1637@example.com
1638,User1638,user1638@example.com
1639,User1639,user1639@example.com
1640,User1640,user1640@example.com
1641,User1641,user1641@example.com
1642,User1642,user1642@example.com
1643,User1643,user1643@example.com
1644,User1644,user1644@example.com
1645,User1645,user1645@example.com
1646,User1646,user1646@example.com
1647,User1647,user1647@example.com
1648,User1648,user1648@example.com
1649,User1649,user1649@example.com
1650,User1650,user1650@example.com
1651,User1651,user1651@example.com
1652,User1652,user1652@example.com
1653,User1653,user1653@example.com
1654,User1654,user1654@example.com
1655,User1655,user1655@example.com
1656,User1656,user1656@example.com
1657,User1657,user1657@example.com
1658,User1658,user1658@example.com
1659,User1659,user1659@example.com
1660,User1660,user1660@example.com
1661,User1661,user1661@example.com
1662,User1662,user1662@example.com
1663,User1663,user1663@example.com
1664,User1664,user1664@example.com
1665,User1665,user1665@example.com
1666,User1666,user1666@example.com
1667,User1667,user1667@example.com
1668,User1668,user1668@example.com
1669,User1669,user1669@example.com
1670,User1670,user1670@example.com
1671,User1671,user1671@example.com
1672,User1672,user1672@example.com
1673,User1673,user1673@example.com
1674,User1674,user1674@example.com
1675,User1675,user1675@example.com
1676,User1676,user1676@example.com
1677,User1677,user1677@example.com
1678,User1678,user1678@example.com
1679,User1679,user1679@example.com
1680,User1680,user1680@example.com
1681,User1681,user1681@example.com
1682,User1682,user1682@example.com
1683,User1683,user1683@example.com
1684,User1684,user1684@example.com
1685,User1685,user1685@example.com
1686,User1686,user1686@example.com
1687,User1687,user1687@example.com
1688,User1688,user1688@example.com
1689,User1689,user1689@example.com
1690,User1690,user1690@example.com
1691,User1691,user1691@example.com
1692,User1692,user1692@example.com
1693,User1693,user1693@example.com
1694,User1694,user1694@example.com
1695,User1695,user1695@example.com
1696,User1696,user1696@example.com
1697,User1697,user1697@example.com
1698,User1698,user1698@example.com
1699,User1699,user1699@example.com
1700,User1700,user1700@example.com
1701,User1701,user1701@example.com
1702,User1702,user1702@example.com
1703,User1703,user1703@example.com
1704,User1704,user1704@example.com
1705,User1705,user1705@example.com
1706,User1706,user1706@example.com
1707,User1707,user1707@example.com
1708,User1708,user1708@example.com
1709,User1709,user1709@example.com
1710,User1710,user1710@example.com
1711,User1711,user1711@example.com
1712,User1712,user1712@example.com
1713,User1713,user1713@example.com
1714,User1714,user1714@example.com
1715,User1715,user1715@example.com
1716,User1716,user1716@example.com
1717,User1717,user1717@example.com
1718,User1718,user1718@example.com
1719,User1719,user1719@example.com
1720,User1720,user1720@example.com
1721,User1721,user1721@example.com
1722,User1722,user1722@example.com
1723,User1723,user1723@example.com
1724,User1724,user1724@example.com
1725,User1725,user1725@example.com
1726,User1726,user1726@example.com
1727,User1727,user1727@example.com
1728,User1728,user1728@example.com
1729,User1729,user1729@example.com
1730,User1730,user1730@example.com
1731,User1731,user1731@example.com
1732,User1732,user1732@example.com
1733,User1733,user1733@example.com
1734,User1734,user1734@example.com
1735,User1735,user1735@example.com
1736,User1736,user1736@example.com
1737,User1737,user1737@example.com
1738,User1738,user1738@example.com
1739,User1739,user1739@example.com
1740,User1740,user1740@example.com
1741,User1741,user1741@example.com
1742,User1742,user1742@example.com
1743,User1743,user1743@example.com
1744,User1744,user1744@example.com
1745,User1745,user1745@example.com
1746,User1746,user1746@example.com
1747,User1747,user1747@example.com
1748,User1748,user1748@example.com
1749,User1749,user1749@example.com
1750,User1750,user1750@example.com
1751,User1751,user1751@example.com
1752,User1752,user1752@example.com
1753,User1753,user1753@example.com
1754,User1754,user1754@example.com
1755,User1755,user1755@example.com
1756,User1756,user1756@example.com
1757,User1757,user1757@example.com
1758,User1758,user1758@example.com
1759,User1759,user1759@example.com
1760,User1760,user1760@example.com
1761,User1761,user1761@example.com
1762,User1762,user1762@example.com
1763,User1763,user1763@example.com
1764,User1764,user1764@example.com
1765,User1765,user1765@example.com
1766,User1766,user1766@example.com
1767,User1767,user1767@example.com
1768,User1768,user1768@example.com
1769,User1769,user1769@example.com
1770,User1770,user1770@example.com
1771,User1771,user1771@example.com
1772,User1772,user1772@example.com
1773,User1773,user1773@example.com
1774,User1774,user1774@example.com
1775,User1775,user1775@example.com
1776,User1776,user1776@example.com
1777,User1777,user1777@example.com
1778,User1778,user1778@example.com
1779,User1779,user1779@example.com
1780,User1780,user1780@example.com
1781,User1781,user1781@example.com
1782,User1782,user1782@example.com
1783,User1783,user1783@example.com
1784,User1784,user1784@example.com
1785,User1785,user1785@example.com
1786,User1786,user1786@example.com
1787,User1787,user1787@example.com
1788,User1788,user1788@example.com
1789,User1789,user1789@example.com
1790,User1790,user1790@example.com
1791,User1791,user1791@example.com
1792,User1792,user1792@example.com
1793,User1793,user1793@example.com
1794,User1794,user1794@example.com
1795,User1795,user1795@example.com
1796,User1796,user1796@example.com
1797,User1797,user1797@example.com
1798,User1798,user1798@example.com
1799,User1799,user1799@example.com
1800,User1800,user1800@example.com
1801,User1801,user1801@example.com
1802,User1802,user1802@example.com
1803,User1803,user1803@example.com
1804,User1804,user1804@example.com
1805,User1805,user1805@example.com
1806,User1806,user1806@example.com
1807,User1807,user1807@example.com
1808,User1808,user1808@example.com
1809,User1809,user1809@example.com
1810,User1810,user1810@example.com
1811,User1811,user1811@example.com
1812,User1812,user1812@example.com
1813,User1813,user1813@example.com
1814,User1814,user1814@example.com
1815,User1815,user1815@example.com
1816,User1816,user1816@example.com
1817,User1817,user1817@example.com
1818,User1818,user1818@example.com
1819,User1819,user1819@example.com
1820,User1820,user1820@example.com
1821,User1821,user1821@example.com
1822,User1822,user1822@example.com
1823,User1823,user1823@example.com
1824,User1824,user1824@example.com
1825,User1825,user1825@example.com
1826,User1826,user1826@example.com
1827,User1827,user1827@example.com
1828,User1828,user1828@example.com
1829,User1829,user1829@example.com
1830,User1830,user1830@example.com
1831,User1831,user1831@example.com
1832,User1832,user1832@example.com
1833,User1833,user1833@example.com
1834,User1834,user1834@example.com
1835,User1835,user1835@example.com
1836,User1836,user1836@example.com
1837,User1837,user1837@example.com
1838,User1838,user1838@example.com
1839,User1839,user1839@example.com
1840,User1840,user1840@example.com
1841,User1841,user1841@example.com
1842,User1842,user1842@example.com
1843,User1843,user1843@example.com
1844,User1844,user1844@example.com
1845,User1845,user1845@example.com
1846,User1846,user1846@example.com
1847,User1847,user1847@example.com
1848,User1848,user1848@example.com
1849,User1849,user1849@example.com
1850,User1850,user1850@example.com
1851,User1851,user1851@example.com
1852,User1852,user1852@example.com
1853,User1853,user1853@example.com
1854,User1854,user1854@example.com
1855,User1855,user1855@example.com
1856,User1856,user1856@example.com
1857,User1857,user1857@example.com
1858,User1858,user1858@example.com
1859,User1859,user1859@example.com
1860,User1860,user1860@example.com
1861,User1861,user1861@example.com
1862,User1862,user1862@example.com
1863,User1863,user1863@example.com
1864,User1864,user1864@example.com
1865,User1865,user1865@example.com
1866,User1866,user1866@example.com
1867,User1867,user1867@example.com
1868,User1868,user1868@example.com
1869,User1869,user1869@example.com
1870,User1870,user1870@example.com
1871,User1871,user1871@example.com
1872,User1872,user1872@example.com
1873,User1873,user1873@example.com
1874,User1874,user1874@example.com
1875,User1875,user1875@example.com
1876,User1876,user1876@example.com
1877,User1877,user1877@example.com
1878,User1878,user1878@example.com
1879,User1879,user1879@example.com
1880,User1880,user1880@example.com
1881,User1881,user1881@example.com
1882,User1882,user1882@example.com
1883,User1883,user1883@example.com
1884,User1884,user1884@example.com
1885,User1885,user1885@example.com
1886,User1886,user1886@example.com
1887,User1887,user1887@example.com
1888,User1888,user1888@example.com
1889,User1889,user1889@example.com
1890,User1890,user1890@example.com
1891,User1891,user1891@example.com
1892,User1892,user1892@example.com
1893,User1893,user1893@example.com
1894,User1894,user1894@example.com
1895,User1895,user1895@example.com
1896,User1896,user1896@example.com
1897,User1897,user1897@example.com
1898,User1898,user1898@example.com
1899,User1899,user1899@example.com
1900,User1900,user1900@example.com
1901,User1901,user1901@example.com
1902,User1902,user1902@example.com
1903,User1903,user1903@example.com
1904,User1904,user1904@example.com
1905,User1905,user1905@example.com
1906,User1906,user1906@example.com
1907,User1907,user1907@example.com
1908,User1908,user1908@example.com
1909,User1909,user1909@example.com
1910,User1910,user1910@example.com
1911,User1911,user1911@example.com
1912,User1912,user1912@example.com
1913,User1913,user1913@example.com
1914,User1914,user1914@example.com
1915,User1915,user1915@example.com
1916,User1916,user1916@example.com
1917,User1917,user1917@example.com
1918,User1918,user1918@example.com
1919,User1919,user1919@example.com
1920,User1920,user1920@example.com
1921,User1921,user1921@example.com
1922,User1922,user1922@example.com
1923,User1923,user1923@example.com
1924,User1924,user1924@example.com
1925,User1925,user1925@example.com
1926,User1926,user1926@example.com
1927,User1927,user1927@example.com
1928,User1928,user1928@example.com
1929,User1929,user1929@example.com
1930,User1930,user1930@example.com
1931,User1931,user1931@example.com
1932,User1932,user1932@example.com
1933,User1933,user1933@example.com
1934,User1934,user1934@example.com
1935,User1935,user1935@example.com
1936,User1936,user1936@example.com
1937,User1937,user1937@example.com
1938,User1938,user1938@example.com
1939,User1939,user1939@example.com
1940,User1940,user1940@example.com
1941,User1941,user1941@example.com
1942,User1942,user1942@example.com
1943,User1943,user1943@example.com
1944,User1944,user1944@example.com
1945,User1945,user1945@example.com
1946,User1946,user1946@example.com
1947,User1947,user1947@example.com
1948,User1948,user1948@example.com
1949,User1949,user1949@example.com
1950,User1950,user1950@example.com
1951,User1951,user1951@example.com
1952,User1952,user1952@example.com
1953,User1953,user1953@example.com
1954,User1954,user1954@example.com
1955,User1955,user1955@example.com
1956,User1956,user1956@example.com
1957,User1957,user1957@example.com
1958,User1958,user1958@example.com
1959,User1959,user1959@example.com
1960,User1960,user1960@example.com
1961,User1961,user1961@example.com
1962,User1962,user1962@example.com
1963,User1963,user1963@example.com
1964,User1964,user1964@example.com
1965,User1965,user1965@example.com
1966,User1966,user1966@example.com
1967,User1967,user1967@example.com
1968,User1968,user1968@example.com
1969,User1969,user1969@example.com
1970,User1970,user1970@example.com
1971,User1971,user1971@example.com
1972,User1972,user1972@example.com
1973,User1973,user1973@example.com
1974,User1974,user1974@example.com
1975,User1975,user1975@example.com
1976,User1976,user1976@example.com
1977,User1977,user1977@example.com
1978,User1978,user1978@example.com
1979,User1979,user1979@example.com
1980,User1980,user1980@example.com
1981,User1981,user1981@example.com
1982,User1982,user1982@example.com
1983,User1983,user1983@example.com
1984,User1984,user1984@example.com
1985,User1985,user1985@example.com
1986,User1986,user1986@example.com
1987,User1987,user1987@example.com
1988,User1988,user1988@example.com
1989,User1989,user1989@example.com
1990,User1990,user1990@example.com
1991,User1991,user1991@example.com
1992,User1992,user1992@example.com
1993,User1993,user1993@example.com
1994,User1994,user1994@example.com
1995,User1995,user1995@example.com
1996,User1996,user1996@example.com
1997,User1997,user1997@example.com
1998,User1998,user1998@example.com
1999,User1999,user1999@example.com
2000,User2000,user2000@example.com
